﻿Designator,Footprint,Quantity,Value,LCSC Part #
"3.3V, 3V3_SIG, 5V_EN, 5V_PG, BOOT0, DE, DI, NRST, P+, PA3, PD12, RO, USBC_PG, VINSENSE=, VREF",TestPoint_Pad_D1.0mm,15,TestPoint,
"3.3VPWR, 5VPWR, D1, D6, D7",0603,5,Red,C2286
"C1, C10, C11, C12, C13, C14, C20, C21, C22, C23, C28, C36, C42, C43, C44, C45, C47, C48, C57, C58, C59, C60, C8",0402,23,100nF,C1525
"C15, C40",0603,2,10uF,C19702
"C16, C17, C27, C5, C53, C54, C56, C9",0402,8,1uF,C52923
"C18, C19, C41",0603,3,2.2uF,C43922
"C2, C3, C35, C4",0402,4,10nF,C15195
"C24, C25, C37",1812,3,22uF 50V,C22388553
"C26, C34, C38",0402,3,100nF 50V,C307331
"C29, C33",0402,2,22nF,C1532
"C30, C31, C39",1210,3,47uF,C13585
"C46, C49",1206,2,1nF 2kV,C9196
"C50, C51, C6, C7",0402,4,12pF,C1547
"C52, C55",0603,2,22uF,C86295
"D10, D8, D9",D_SOD-123F,3,SMF12CA,C19077507
"D2, D3",D_SMA,2,ST34,C413996
"FB1, FB2",0603,2,600Ω@100MHz 450mΩ,C1002
J1,JST_XH_B2B-XH-A_1x02_P2.50mm_Vertical,1,JST_XH_2P,
"J10, J9",JST_XH_B3B-XH-A_1x03_P2.50mm_Vertical,2,JST_XH_3P,
J2,SAMTEC_FTSH-105-XX-X-DV,1,FTSH-105-01-L-DV-K-TR,C448647
J3,BarrelJack_DC-005-A200_Horizontal,1,DC-005-A200,C720557
J4,USB_C_Receptacle_HX_TYPE-C_16P+4.3,1,USB_C_Receptacle_USB2.0_16P_Tall_5.9mm,C32713314
"J5, J6, J7",TerminalBlock_4Ucon_1x02_P3.50mm_Horizontal,3,DB301V-3.5-2P-GN-S,C695629
J8,NEUTRIK_NE8FAH,1,NE8FAH,C368497
L1,MDA1050-3R3M,1,3.3uH 9mΩ 17A,C2847560
L2,L_APV_ANR5020,1,3.9uH 2.7A,C167928
Q1,PDFN3X3-8L,1,SP40P18NJ,C41355197
"R10, R11, R14",0402,3,73.2k,0402
"R12, R13, R22, R23",0402,4,5.1kΩ,C25905
"R15, R20",0402,2,51k,C25794
"R16, R29, R3, R4, R5",0402,5,1.5k,C25867
"R17, R25, R26, R27, R28, R45, R46, R49, R52, R54, R56, R58, R7",0402,13,10k,C25744
R18,1206,1,0R 1206,C17888
R19,0603,1,510k,C23192
"R2, R51, R53, R55, R57, R6",0603,6,100R,C22775
R21,0603,1,330k,C23137
"R24, R42, R43",0402,3,3.3k,C25890
"R30, R31, R32, R33",0402,4,49.9R,C25120
"R34, R35, R36, R41",0402,4,33R,C25105
R37,0402,1,12.1k,C2933069
"R38, R39",0603,2,75R,C4275
"R40, R44",2010,2,1M 2kV,C2779367
"R47, R48, R50",1206,3,10R 250mW,C17903
R8,1206,1,1k 250mW,C4410
R9,0402,1,200kΩ,C25764
SW1,SW_Push_SPST_NO_Alps_SKRK,1,TS-1088-AR02016,C720477
"SW2, SW3, SW4, SW5",SW_SPST_4P_SMD,4,Button,C455114
TR1,Transformer_Ethernet_B1601S,1,B1601S,C510548
"U1, U5",TO-92_Inline,2,MCP9700A-E/TO,
"U10, U6",SOT-23-6,2,SRV05-4,C7420376
U11,LAN8742A_VQFN-24-1EP_4x4mm_P0.5mm_EP2.5x2.5mm,1,LAN8742A,C621425
U12,CA-IS2092A,1,CA-IS2092A,C18185406
U13,HS96L03W2C03,1,0.96' OLED Board,
U2,LQFP-100_14x14mm_P0.5mm,1,STM32H723VETx,C730141
"U3, U4",SOT-23-5,2,SN74LVC1G17DBVR,C7836
U7,SOT-23-6,1,CH221K,C5125736
U8,TPS56A37_10-pin_3x3mm_HotRod_QFN,1,TPS56A37,C22392669
U9,TSOT-23-6,1,AP63203WU,C780769
"Y1, Y2",Crystal_SMD_3225-4Pin_3.2x2.5mm,2,25 Mhz,C9006
